<?xml version="1.0" encoding="UTF-8"?>
<office:document-content xmlns:office="urn:oasis:names:tc:opendocument:xmlns:office:1.0" xmlns:ooo="http://openoffice.org/2004/office" xmlns:fo="urn:oasis:names:tc:opendocument:xmlns:xsl-fo-compatible:1.0" xmlns:xlink="http://www.w3.org/1999/xlink" xmlns:dc="http://purl.org/dc/elements/1.1/" xmlns:meta="urn:oasis:names:tc:opendocument:xmlns:meta:1.0" xmlns:style="urn:oasis:names:tc:opendocument:xmlns:style:1.0" xmlns:text="urn:oasis:names:tc:opendocument:xmlns:text:1.0" xmlns:rpt="http://openoffice.org/2005/report" xmlns:draw="urn:oasis:names:tc:opendocument:xmlns:drawing:1.0" xmlns:dr3d="urn:oasis:names:tc:opendocument:xmlns:dr3d:1.0" xmlns:svg="urn:oasis:names:tc:opendocument:xmlns:svg-compatible:1.0" xmlns:chart="urn:oasis:names:tc:opendocument:xmlns:chart:1.0" xmlns:table="urn:oasis:names:tc:opendocument:xmlns:table:1.0" xmlns:number="urn:oasis:names:tc:opendocument:xmlns:datastyle:1.0" xmlns:ooow="http://openoffice.org/2004/writer" xmlns:oooc="http://openoffice.org/2004/calc" xmlns:of="urn:oasis:names:tc:opendocument:xmlns:of:1.2" xmlns:xforms="http://www.w3.org/2002/xforms" xmlns:tableooo="http://openoffice.org/2009/table" xmlns:calcext="urn:org:documentfoundation:names:experimental:calc:xmlns:calcext:1.0" xmlns:drawooo="http://openoffice.org/2010/draw" xmlns:xhtml="http://www.w3.org/1999/xhtml" xmlns:loext="urn:org:documentfoundation:names:experimental:office:xmlns:loext:1.0" xmlns:field="urn:openoffice:names:experimental:ooo-ms-interop:xmlns:field:1.0" xmlns:math="http://www.w3.org/1998/Math/MathML" xmlns:form="urn:oasis:names:tc:opendocument:xmlns:form:1.0" xmlns:script="urn:oasis:names:tc:opendocument:xmlns:script:1.0" xmlns:formx="urn:openoffice:names:experimental:ooxml-odf-interop:xmlns:form:1.0" xmlns:dom="http://www.w3.org/2001/xml-events" xmlns:xsd="http://www.w3.org/2001/XMLSchema" xmlns:xsi="http://www.w3.org/2001/XMLSchema-instance" xmlns:grddl="http://www.w3.org/2003/g/data-view#" xmlns:css3t="http://www.w3.org/TR/css3-text/" xmlns:officeooo="http://openoffice.org/2009/office" office:version="1.3"><office:scripts/><office:font-face-decls><style:font-face style:name="Liberation Sans" svg:font-family="&apos;Liberation Sans&apos;" style:font-family-generic="swiss" style:font-pitch="variable"/><style:font-face style:name="Liberation Serif" svg:font-family="&apos;Liberation Serif&apos;" style:font-family-generic="roman" style:font-pitch="variable"/><style:font-face style:name="Lucida Sans" svg:font-family="&apos;Lucida Sans&apos;" style:font-family-generic="swiss"/><style:font-face style:name="Lucida Sans1" svg:font-family="&apos;Lucida Sans&apos;" style:font-family-generic="system" style:font-pitch="variable"/><style:font-face style:name="Microsoft YaHei" svg:font-family="&apos;Microsoft YaHei&apos;" style:font-family-generic="system" style:font-pitch="variable"/><style:font-face style:name="NSimSun" svg:font-family="NSimSun" style:font-family-generic="system" style:font-pitch="variable"/></office:font-face-decls><office:automatic-styles><style:style style:name="P1" style:family="paragraph" style:parent-style-name="Standard"><style:paragraph-properties fo:margin-left="0in" fo:margin-right="0in" fo:text-indent="0in" style:auto-text-indent="false"/></style:style><style:style style:name="fr1" style:family="graphic" style:parent-style-name="Graphics"><style:graphic-properties fo:margin-left="0in" fo:margin-right="0in" fo:margin-top="0in" fo:margin-bottom="0in" style:vertical-pos="top" style:vertical-rel="baseline" fo:padding="0in" fo:border="none" style:mirror="none" fo:clip="rect(0in, 0in, 0in, 0in)" draw:luminance="0%" draw:contrast="0%" draw:red="0%" draw:green="0%" draw:blue="0%" draw:gamma="100%" draw:color-inversion="false" draw:image-opacity="100%" draw:color-mode="standard"/></style:style></office:automatic-styles><office:body><office:text text:use-soft-page-breaks="true"><text:sequence-decls><text:sequence-decl text:display-outline-level="0" text:name="Illustration"/><text:sequence-decl text:display-outline-level="0" text:name="Table"/><text:sequence-decl text:display-outline-level="0" text:name="Text"/><text:sequence-decl text:display-outline-level="0" text:name="Drawing"/><text:sequence-decl text:display-outline-level="0" text:name="Figure"/></text:sequence-decls><text:p text:style-name="P1"><text:bookmark text:name="docs-internal-guid-dcd642fb-7fff-d64e-ce95-7077e76049e2"/><draw:frame draw:style-name="fr1" draw:name="Image1" text:anchor-type="as-char" svg:width="4.75in" svg:height="3.5417in" draw:z-index="0"><draw:image xlink:href="Pictures/1000000100000276000001D667F5B3DD.png" xlink:type="simple" xlink:show="embed" xlink:actuate="onLoad" draw:mime-type="image/png"/></draw:frame><text:s/></text:p><text:p text:style-name="Standard"/><text:p text:style-name="Standard"/><text:p text:style-name="P1"><text:bookmark text:name="docs-internal-guid-4ae4f965-7fff-1134-b54d-d295301e2b7b"/><draw:frame draw:style-name="fr1" draw:name="Image2" text:anchor-type="as-char" svg:width="4.75in" svg:height="3.5417in" draw:z-index="1"><draw:image xlink:href="Pictures/1000000100000276000001D6D0705EDF.png" xlink:type="simple" xlink:show="embed" xlink:actuate="onLoad" draw:mime-type="image/png"/></draw:frame><text:s/></text:p><text:p text:style-name="Standard"/><text:p text:style-name="Standard"/><text:p text:style-name="P1"><text:bookmark text:name="docs-internal-guid-d5390119-7fff-b4d5-74dd-17de4fcfc4e7"/><text:soft-page-break/><draw:frame draw:style-name="fr1" draw:name="Image3" text:anchor-type="as-char" svg:width="4.75in" svg:height="3.5417in" draw:z-index="2"><draw:image xlink:href="Pictures/1000000100000276000001D66EEDE460.png" xlink:type="simple" xlink:show="embed" xlink:actuate="onLoad" draw:mime-type="image/png"/></draw:frame><text:s/></text:p><text:p text:style-name="Standard"/><text:p text:style-name="Standard"/><text:p text:style-name="P1"><text:bookmark text:name="docs-internal-guid-b19a989d-7fff-0036-a444-efef30cccf15"/><draw:frame draw:style-name="fr1" draw:name="Image4" text:anchor-type="as-char" svg:width="4.75in" svg:height="3.5417in" draw:z-index="3"><draw:image xlink:href="Pictures/1000000100000276000001D6CA243268.png" xlink:type="simple" xlink:show="embed" xlink:actuate="onLoad" draw:mime-type="image/png"/></draw:frame><text:s/></text:p><text:p text:style-name="Standard"/><text:p text:style-name="Standard"/><text:p text:style-name="P1"><text:bookmark text:name="docs-internal-guid-a709ecc3-7fff-a757-724f-0c5e18a4be96"/><text:soft-page-break/><draw:frame draw:style-name="fr1" draw:name="Image5" text:anchor-type="as-char" svg:width="4.75in" svg:height="3.5417in" draw:z-index="4"><draw:image xlink:href="Pictures/1000000100000276000001D68BE0F2DF.png" xlink:type="simple" xlink:show="embed" xlink:actuate="onLoad" draw:mime-type="image/png"/></draw:frame><text:s/></text:p><text:p text:style-name="Standard"/><text:p text:style-name="Standard"/><text:p text:style-name="P1"><text:bookmark text:name="docs-internal-guid-2a4ecf3e-7fff-eb14-1cfa-47c771ad9aa4"/><draw:frame draw:style-name="fr1" draw:name="Image6" text:anchor-type="as-char" svg:width="4.7291in" svg:height="3.5417in" draw:z-index="5"><draw:image xlink:href="Pictures/100000010000032000000258B56D7A3D.png" xlink:type="simple" xlink:show="embed" xlink:actuate="onLoad" draw:mime-type="image/png"/></draw:frame><text:s/></text:p><text:p text:style-name="Standard"/><text:p text:style-name="Standard"/><text:p text:style-name="P1"><text:bookmark text:name="docs-internal-guid-d41c2451-7fff-22b9-b686-a2358841c11f"/><text:soft-page-break/><draw:frame draw:style-name="fr1" draw:name="Image7" text:anchor-type="as-char" svg:width="4.7291in" svg:height="3.5417in" draw:z-index="6"><draw:image xlink:href="Pictures/1000000100000320000002586501CBB0.png" xlink:type="simple" xlink:show="embed" xlink:actuate="onLoad" draw:mime-type="image/png"/></draw:frame><text:s/></text:p><text:p text:style-name="Standard"/><text:p text:style-name="Standard"/><text:p text:style-name="P1"><text:bookmark text:name="docs-internal-guid-cdac0651-7fff-9886-83f4-7ac5aeb66563"/><draw:frame draw:style-name="fr1" draw:name="Image8" text:anchor-type="as-char" svg:width="4.7291in" svg:height="3.5417in" draw:z-index="7"><draw:image xlink:href="Pictures/100000010000032000000258F737FFF7.png" xlink:type="simple" xlink:show="embed" xlink:actuate="onLoad" draw:mime-type="image/png"/></draw:frame><text:s/></text:p><text:p text:style-name="P1"/><text:p text:style-name="P1"><text:bookmark text:name="docs-internal-guid-a88e8b5b-7fff-61e6-6874-2d40c8851fba Copy 1"/><text:bookmark text:name="docs-internal-guid-a88e8b5b-7fff-61e6-6874-2d40c8851fba"/></text:p></office:text></office:body></office:document-content>