<?xml version="1.0" encoding="UTF-8"?>
<office:document-meta xmlns:office="urn:oasis:names:tc:opendocument:xmlns:office:1.0" xmlns:ooo="http://openoffice.org/2004/office" xmlns:xlink="http://www.w3.org/1999/xlink" xmlns:dc="http://purl.org/dc/elements/1.1/" xmlns:meta="urn:oasis:names:tc:opendocument:xmlns:meta:1.0" xmlns:grddl="http://www.w3.org/2003/g/data-view#" office:version="1.3"><office:meta><meta:creation-date>2024-04-15T21:25:10.169000000</meta:creation-date><dc:date>2024-04-15T21:29:58.276000000</dc:date><meta:editing-duration>PT4M49S</meta:editing-duration><meta:editing-cycles>1</meta:editing-cycles><meta:document-statistic meta:table-count="0" meta:image-count="8" meta:object-count="0" meta:page-count="4" meta:paragraph-count="8" meta:word-count="0" meta:character-count="8" meta:non-whitespace-character-count="0"/><meta:generator>LibreOffice/24.2.0.3$Windows_X86_64 LibreOffice_project/da48488a73ddd66ea24cf16bbc4f7b9c08e9bea1</meta:generator></office:meta></office:document-meta>